BRANCH_CODE,CUST_CC_NO,CUST_SSN,TRANSACTION_ID,TRANSACTION_TYPE,TRANSACTION_VALUE,TIMEID
114,4210653349028689,123459988,1,Education,78.9,20180214
35,4210653349028689,123459988,2,Entertainment,14.24,20180320
160,4210653349028689,123459988,3,Grocery,56.7,20180708
114,4210653349028689,123459988,4,Entertainment,59.73,20180419
93,4210653349028689,123459988,5,Gas,3.59,20181010
164,4210653349028689,123459988,6,Education,6.89,20180528
119,4210653349028689,123459988,7,Entertainment,43.39,20180519
23,4210653349028689,123459988,8,Gas,95.39,20180808
166,4210653349028689,123459988,9,Entertainment,93.26,20180318
83,4210653349028689,123459988,10,Bills,100.38,20180903
52,4210653349028689,123459988,11,Gas,98.75,20180821
17,4210653349028689,123459988,12,Gas,42.71,20181224
80,4210653349028689,123459988,13,Grocery,40.24,20180403
50,4210653349028689,123459988,14,Bills,17.81,20180415
123,4210653349028689,123459988,15,Bills,29,20180517
9,4210653349028689,123459988,16,Test,70.63,20180706
3,4210653349028689,123459988,17,Test,27.04,20180928
135,4210653349028689,123459988,18,Entertainment,88.75,20180704
103,4210653349028689,123459988,19,Test,77.02,20180424
78,4210653349028689,123459988,20,Bills,34.34,20181008
156,4210653349028689,123459988,21,Education,10.56,20181023
20,4210653349028689,123459988,22,Education,6.7,20180813
44,4210653349028689,123459988,23,Bills,7.97,20180317
54,4210653349028689,123459988,24,Test,32.81,20180511
119,4210653349028689,123459988,25,Entertainment,35.02,20180303
121,4210653349028689,123459988,26,Test,86.3,20180511
19,4210653349028689,123459988,27,Test,82.05,20181214
43,4210653349028689,123459988,28,Healthcare,98.78,20180806
7,4210653349028689,123459988,29,Grocery,9.49,20181014
29,4210653349028689,123459988,30,Gas,17.03,20181204
123,4210653349028689,123459988,31,Grocery,54.49,20181024
66,4210653349028689,123459988,32,Education,13.34,20181212
117,4210653349028689,123459988,33,Healthcare,24.37,20181020
72,4210653349028689,123459988,34,Entertainment,53.03,20181109
95,4210653349028689,123459988,35,Test,96.55,20180909
32,4210653349028689,123459988,36,Education,62.82,20180928
104,4210653349028689,123459988,37,Education,73.99,20180412
158,4210653349028689,123459988,38,Education,63.08,20180906
70,4210653349028689,123459988,39,Entertainment,46.84,20181005
69,4210653349028689,123459988,40,Entertainment,96.29,20180116
26,4210653349028689,123459988,41,Education,25.01,20180307
27,4210653349028689,123459988,42,Bills,30.95,20181120
79,4210653349028689,123459988,43,Gas,83.33,20180604
36,4210653349028689,123459988,44,Healthcare,79.91,20181113
124,4210653349028689,123459988,45,Healthcare,20.81,20180908
104,4210653349028689,123459988,46,Bills,4.95,20180121
50,4210653349028689,123459988,47,Grocery,41.62,20180428
20,4210653349028689,123459988,48,Education,3.79,20180512
69,4210653349028689,123459988,49,Healthcare,26.34,20180826
76,4210653349028689,123459988,50,Entertainment,53.49,20180102
93,4210653349028689,123459988,51,Gas,73.45,20180304
80,4210653349028689,123459988,52,Entertainment,15.89,20181209
43,4210653349028689,123459988,53,Grocery,16.99,20180414
59,4210653349028689,123459988,54,Healthcare,31.87,20180203
158,4210653349028689,123459988,55,Healthcare,30.58,20181221
27,4210653349028689,123459988,56,Grocery,4.19,20180111
126,4210653349028689,123459988,57,Bills,1.32,20181127
59,4210653349028689,123459988,58,Bills,13.72,20180809
156,4210653349028689,123459988,59,Healthcare,45.55,20180316
74,4210653349028689,123459988,60,Entertainment,72.17,20180624
70,4210653349028689,123459988,61,Gas,84.13,20180922
123,4210653349028689,123459988,62,Test,51.91,20180320
121,4210653349028689,123459988,63,Education,43.08,20181222
60,4210653349028689,123459988,64,Healthcare,89.81,20180918
31,4210653349028689,123459988,65,Grocery,56.84,20180125
63,4210653349028689,123459988,66,Education,82.11,20180811
63,4210653349028689,123459988,67,Gas,35.29,20181025
27,4210653349028689,123459988,68,Entertainment,46.53,20180215
31,4210653349028689,123459988,69,Test,93.2,20180607
139,4210653349028689,123459988,70,Grocery,61.4,20180427
9,4210653349028689,123459988,71,Bills,87.58,20180612
48,4210653349028689,123459988,72,Education,8.08,20180717
145,4210653349028689,123459988,73,Entertainment,92.84,20180307
144,4210653349028689,123459988,74,Bills,45.93,20180327
42,4210653349028689,123459988,75,Gas,38.07,20181218
49,4210653349028689,123459988,76,Gas,51.93,20180316
1,4210653349028689,123459988,77,Bills,53.03,20181128
73,4210653349028689,123459988,78,Education,31.89,20180414
53,4210653349028689,123459988,79,Gas,66.48,20180613
43,4210653349028689,123459988,80,Education,92.47,20181025
99,4210653349028689,123459988,81,Entertainment,81.4,20180315
89,4210653349028689,123459988,82,Healthcare,97.98,20180224
17,4210653349028689,123459988,83,Bills,55.4,20180304
79,4210653349028689,123459988,84,Bills,70.25,20180925
32,4210653349028689,123459988,85,Healthcare,60.9,20181111
109,4210653349028689,123459988,86,Bills,7.62,20181105
175,4210653349028689,123459988,87,Test,12.43,20180206
175,4210653349028689,123459988,88,Test,17.12,20180825
118,4210653349028689,123459988,89,Grocery,57.52,20180712
11,4210653349028689,123459988,90,Education,91.2,20180202
59,4210653349028689,123459988,91,Entertainment,97.64,20180901
66,4210653349028689,123459988,92,Education,58.25,20180803
99,4210653349028689,123459988,93,Gas,41.06,20180702
50,4210653349028689,123459988,94,Bills,72.72,20180709
117,4210653399308769,123459978,95,Entertainment,77.17,20180708
121,4210653399308769,123459978,96,Gas,49.14,20181021
117,4210653399308769,123459978,97,Entertainment,81.6,20180713
9,4210653399308769,123459978,98,Entertainment,22.75,20181206
59,4210653399308769,123459978,99,Grocery,56.52,20180301
117,4210653399308769,123459978,100,Education,24.05,20180817
57,4210653399308769,123459978,101,Healthcare,66.05,20180820
192,4210653399308769,123459978,102,Education,42.37,20180903
11,4210653399308769,123459978,103,Grocery,96.44,20180113
75,4210653399308769,123459978,104,Healthcare,74.83,20180904
103,4210653399308769,123459978,105,Entertainment,25.97,20181105
31,4210653399308769,123459978,106,Education,72.36,20180825
25,4210653399308769,123459978,107,Test,98.85,20180802
10,4210653399308769,123459978,108,Grocery,4.36,20180707
107,4210653399308769,123459978,109,Test,66.6,20180513
24,4210653399308769,123459978,110,Education,1.76,20180321
57,4210653399308769,123459978,111,Grocery,44.41,20180507
44,4210653399308769,123459978,112,Gas,85.53,20180306
80,4210653399308769,123459978,113,Healthcare,89.9,20181113
81,4210653399308769,123459978,114,Healthcare,53.75,20181004
91,4210653399308769,123459978,115,Test,30.87,20180213
79,4210653399308769,123459978,116,Healthcare,86.53,20180210
81,4210653399308769,123459978,117,Healthcare,72.06,20180813
166,4210653399308769,123459978,118,Bills,21.96,20181216
19,4210653399308769,123459978,119,Entertainment,49.98,20181204
175,4210653399308769,123459978,120,Education,13.91,20180927
173,4210653399308769,123459978,121,Test,9.05,20181116
100,4210653399308769,123459978,122,Grocery,40.33,20180121
17,4210653399308769,123459978,123,Test,14.72,20180902
178,4210653399308769,123459978,124,Gas,95.3,20180914
63,4210653399308769,123459978,125,Entertainment,22.65,20180620
156,4210653399308769,123459978,126,Entertainment,100.28,20180211
44,4210653399308769,123459978,127,Gas,54.19,20181026
42,4210653399308769,123459978,128,Grocery,100.57,20181207
175,4210653399308769,123459978,129,Gas,10.84,20181001
58,4210653399308769,123459978,130,Entertainment,3.03,20180411
114,4210653399308769,123459978,131,Test,27.58,20180323
90,4210653399308769,123459978,132,Bills,37.92,20180915
5,4210653399308769,123459978,133,Bills,77.05,20180105
51,4210653399308769,123459978,134,Bills,26.17,20180227
51,4210653399308769,123459978,135,Education,73.36,20180925
18,4210653399308769,123459978,136,Gas,69.05,20181122
35,4210653399308769,123459978,137,Test,27.95,20180701
46,4210653399308769,123459978,138,Education,87.69,20180703
11,4210653399308769,123459978,139,Grocery,74.48,20180525
136,4210653399308769,123459978,140,Healthcare,98.23,20180708
9,4210653399308769,123459978,141,Education,37.06,20180317
131,4210653399308769,123459978,142,Healthcare,92.55,20180516
115,4210653399308769,123459978,143,Gas,11.63,20181020
72,4210653399308769,123459978,144,Grocery,80.8,20180825
178,4210653399308769,123459978,145,Healthcare,83.47,20180123
115,4210653399308769,123459978,146,Grocery,60.61,20181114
48,4210653399308769,123459978,147,Gas,40.94,20180118
76,4210653399308769,123459978,148,Bills,66.69,20180906
164,4210653399308769,123459978,149,Entertainment,29.07,20180309
72,4210653399308769,123459978,150,Gas,63.66,20180723
119,4210653399308769,123459978,151,Test,65.14,20180121
78,4210653315516879,123459968,152,Healthcare,63.69,20180611
104,4210653315516879,123459968,153,Bills,58.51,20180114
36,4210653315516879,123459968,154,Grocery,98.02,20181018
139,4210653315516879,123459968,155,Bills,28.39,20180417
170,4210653315516879,123459968,156,Test,90.94,20180626
111,4210653315516879,123459968,157,Entertainment,70.18,20180406
10,4210653315516879,123459968,158,Test,71.32,20180508
79,4210653315516879,123459968,159,Test,83.39,20180425
28,4210653315516879,123459968,160,Gas,76.76,20180906
24,4210653315516879,123459968,161,Test,90.79,20180909
11,4210653315516879,123459968,162,Healthcare,3.27,20180421
78,4210653315516879,123459968,163,Gas,20.38,20181017
119,4210653315516879,123459968,164,Grocery,42.15,20180802
49,4210653315516879,123459968,165,Education,30.78,20181107
40,4210653315516879,123459968,166,Gas,96.29,20181209
99,4210653315516879,123459968,167,Test,30.16,20180823
22,4210653315516879,123459968,168,Bills,9.19,20180616
125,4210653349448599,123459965,169,Healthcare,59.95,20180611
170,4210653349448599,123459965,170,Healthcare,30.82,20181111
35,4210653349448599,123459965,171,Gas,73.5,20180605
49,4210653349448599,123459965,172,Healthcare,17.32,20180411
17,4210653349448599,123459965,173,Bills,13.76,20180619
139,4210653349448599,123459965,174,Bills,54.41,20180809
156,4210653349448599,123459965,175,Healthcare,46.4,20180412
12,4210653349448599,123459965,176,Entertainment,70.89,20180414
100,4210653349448599,123459965,177,Gas,65.53,20180525
39,4210653349448599,123459965,178,Test,52.83,20181007
59,4210653349448599,123459965,179,Test,40.3,20180107
175,4210653349448599,123459965,180,Education,25.99,20180911
118,4210653349448599,123459965,181,Grocery,44.57,20180410
121,4210653349448599,123459965,182,Entertainment,90.23,20180504
89,4210653349448599,123459965,183,Test,26.4,20180522
173,4210653349448599,123459965,184,Healthcare,48.82,20181115
70,4210653349448599,123459965,185,Entertainment,41.02,20181004
175,4210653349448599,123459965,186,Grocery,32.04,20180208
74,4210653349448599,123459965,187,Gas,81.46,20181125
20,4210653349448599,123459965,188,Gas,30.59,20180613
43,4210653349448599,123459965,189,Gas,97.35,20180926
10,4210653349448599,123459965,190,Healthcare,77.06,20180612
15,4210653349448599,123459965,191,Gas,14.85,20180806
38,4210653349448599,123459965,192,Education,40.63,20180914
24,4210653349448599,123459965,193,Gas,81.31,20180324
52,4210653349448599,123459965,194,Bills,57.54,20180423
76,4210653349448599,123459965,195,Education,33.48,20181116
20,4210653349448599,123459965,196,Healthcare,29.15,20180814
107,4210653349448599,123459965,197,Gas,41.36,20180809
188,4210653349448599,123459965,198,Test,63.1,20180802
100,4210653349448599,123459965,199,Grocery,29.44,20180115
158,4210653349448599,123459965,200,Gas,31.62,20180106
95,4210653349448599,123459965,201,Bills,12.03,20180626
24,4210653349448599,123459965,202,Gas,75.53,20181214
93,4210653349448599,123459965,203,Test,27.1,20180726
45,4210653349448599,123459965,204,Bills,99.18,20180614
72,4210653349448599,123459965,205,Entertainment,13.01,20180325
31,4210653349448599,123459965,206,Entertainment,71.06,20180720
37,4210653349448599,123459965,207,Grocery,19.86,20180416
24,4210653349448599,123459965,208,Bills,15.58,20181210
139,4210653349448599,123459965,209,Gas,35.02,20180501
19,4210653349448599,123459965,210,Healthcare,41.56,20181024
78,4210653349448599,123459965,211,Bills,77.53,20180403
66,4210653349448599,123459965,212,Gas,53.82,20180327
72,4210653349448599,123459965,213,Entertainment,67.7,20180417
160,4210653315577947,123459940,214,Entertainment,6.72,20180605
42,4210653315577947,123459940,215,Education,63.57,20180107
40,4210653315577947,123459940,216,Healthcare,25.98,20180425
5,4210653312528499,123459918,217,Gas,36.3,20180805
158,4210653312528499,123459918,218,Bills,21.56,20180325
5,4210653312528499,123459918,219,Education,27.89,20180116
118,4210653312528499,123459918,220,Healthcare,64.48,20181009
74,4210653312528499,123459918,221,Gas,100.76,20180108
40,4210653312528499,123459918,222,Education,2.53,20180218
149,4210653312528499,123459918,223,Education,10.72,20180703
81,4210653312528499,123459918,224,Gas,17.85,20180608
19,4210653312528499,123459918,225,Entertainment,36.95,20180910
57,4210653312528499,123459918,226,Test,79.42,20180628
27,4210653312528499,123459918,227,Education,21.76,20180916
49,4210653312528499,123459918,228,Test,15.29,20180719
76,4210653312528499,123459918,229,Education,36.66,20181210
79,4210653312528499,123459918,230,Healthcare,8.63,20181002
2,4210653312528499,123459918,231,Grocery,9.92,20180513
135,4210653312528499,123459918,232,Healthcare,71.75,20180128
158,4210653312528499,123459918,233,Bills,42.62,20180728
131,4210653312528499,123459918,234,Gas,58.16,20180112
103,4210653312528499,123459918,235,Gas,69.94,20180208
12,4210653312528499,123459918,236,Test,16.68,20180517
80,4210653312528499,123459918,237,Test,30.4,20181222
45,4210653312528499,123459918,238,Entertainment,80.81,20181118
1,4210653312528499,123459918,239,Education,58.78,20181126
100,4210653312528499,123459918,240,Education,83.25,20180801
192,4210653312528499,123459918,241,Test,97.12,20181202
8,4210653312528499,123459918,242,Entertainment,45.27,20181115
139,4210653312528499,123459918,243,Test,99.59,20181208
79,4210653312528499,123459918,244,Education,73.66,20180406
69,4210653312528499,123459918,245,Bills,6.52,20181221
1,4210653312528499,123459918,246,Bills,5.49,20180404
9,4210653312528499,123459918,247,Healthcare,86.57,20180606
36,4210653312528499,123459918,248,Education,82.65,20180707
25,4210653312528499,123459918,249,Grocery,56.21,20180524
104,4210653312528499,123459918,250,Healthcare,94.14,20181024
21,4210653312528499,123459918,251,Education,6.9,20180217
54,4210653312528499,123459918,252,Grocery,32.28,20180221
14,4210653312528499,123459918,253,Bills,61.93,20180822
29,4210653312528499,123459918,254,Bills,17.76,20180919
2,4210653312528499,123459918,255,Test,32.44,20180115
5,4210653312528499,123459918,256,Bills,95.21,20181018
19,4210653312528499,123459918,257,Bills,29.4,20180807
166,4210653312528499,123459918,258,Education,83.43,20180725
46,4210653312528499,123459918,259,Bills,11.4,20180114
24,4210653312528499,123459918,260,Education,33.08,20181222
4,4210653312528499,123459918,261,Healthcare,94.41,20181116
149,4210653312528499,123459918,262,Entertainment,2.73,20180602
27,4210653312528499,123459918,263,Education,71.7,20181211
29,4210653312528499,123459918,264,Test,72.88,20180424
60,4210653312528499,123459918,265,Healthcare,64.29,20180612
149,4210653312528499,123459918,266,Grocery,51.08,20181127
11,4210653312528499,123459918,267,Test,48.62,20180528
67,4210653312528499,123459918,268,Bills,41.56,20180514
53,4210653312528499,123459918,269,Entertainment,3.49,20180113
75,4210653313003223,123459916,270,Bills,95.15,20180128
67,4210653313003223,123459916,271,Education,35.23,20180222
7,4210653313003223,123459916,272,Healthcare,66.16,20180921
70,4210653313003223,123459916,273,Grocery,58.38,20180605
57,4210653313003223,123459916,274,Healthcare,24.28,20181109
89,4210653313003223,123459916,275,Bills,74.43,20180516
69,4210653313003223,123459916,276,Test,30.12,20181111
46,4210653313003223,123459916,277,Healthcare,78.38,20180217
52,4210653313003223,123459916,278,Entertainment,72.42,20180103
47,4210653313003223,123459916,279,Healthcare,53,20180310
107,4210653313003223,123459916,280,Bills,63.95,20180806
17,4210653313003223,123459916,281,Grocery,36.3,20181103
125,4210653313003223,123459916,282,Grocery,67.6,20181204
74,4210653313003223,123459916,283,Grocery,17.48,20181019
49,4210653313003223,123459916,284,Entertainment,83.26,20180521
105,4210653313003223,123459916,285,Gas,94.26,20180222
28,4210653313003223,123459916,286,Test,26.24,20180519
70,4210653313003223,123459916,287,Gas,25.03,20180421
103,4210653313003223,123459916,288,Entertainment,85.51,20180706
156,4210653313003223,123459916,289,Education,46.37,20180114
74,4210653313003223,123459916,290,Entertainment,85.55,20180222
36,4210653313003223,123459916,291,Bills,67.3,20180821
58,4210653313003223,123459916,292,Entertainment,68.89,20180602
37,4210653313003223,123459916,293,Test,78.8,20180917
56,4210653313003223,123459916,294,Healthcare,66.15,20180927
109,4210653313003223,123459916,295,Education,1.62,20180816
123,4210653313003223,123459916,296,Healthcare,1.79,20180624
2,4210653313003223,123459916,297,Gas,33.13,20180320
5,4210653313003223,123459916,298,Bills,81.87,20180220
125,4210653313003223,123459916,299,Healthcare,96.17,20180808
103,4210653313003223,123459916,300,Gas,5.42,20180915
38,4210653313003223,123459916,301,Grocery,7.66,20180521
11,4210653313003223,123459916,302,Entertainment,63.16,20180322
135,4210653313003223,123459916,303,Entertainment,15.77,20181126
35,4210653313003223,123459916,304,Grocery,17.72,20180621
149,4210653313003223,123459916,305,Education,52.03,20181009
46,4210653313003223,123459916,306,Test,67.38,20180701
149,4210653313003223,123459916,307,Bills,23.12,20180215
104,4210653313003223,123459916,308,Bills,22.15,20180417
168,4210653313003223,123459916,309,Bills,72.53,20180716
139,4210653313003223,123459916,310,Gas,13.61,20180602
52,4210653313003223,123459916,311,Healthcare,99.43,20180126
59,4210653313003223,123459916,312,Test,2.62,20181025
79,4210653313003223,123459916,313,Test,41.68,20180707
35,4210653313003223,123459916,314,Entertainment,53.16,20180202
175,4210653313003223,123459916,315,Grocery,96.89,20180924
139,4210653313003223,123459916,316,Education,95.49,20180213
24,4210653313003223,123459916,317,Grocery,57.79,20181108
145,4210653313003223,123459916,318,Education,87.12,20181118
145,4210653313003223,123459916,319,Entertainment,30.9,20180104
136,4210653313003223,123459916,320,Grocery,50.91,20180616
85,4210653313003223,123459916,321,Test,9.69,20181227
39,4210653313003223,123459916,322,Entertainment,57.53,20180228
93,4210653313003223,123459916,323,Entertainment,57.17,20180808
58,4210653313003223,123459916,324,Grocery,43.09,20180510
117,4210653313003223,123459916,325,Test,20.26,20180305
15,4210653313003223,123459916,326,Education,91.25,20180906
117,4210653313003223,123459916,327,Education,55.72,20180728
46,4210653313003223,123459916,328,Grocery,18.67,20181024
105,4210653313003223,123459916,329,Test,92.24,20180109
156,4210653313003223,123459916,330,Gas,17.37,20181018
26,4210653313003223,123459916,331,Test,25.26,20180206
3,4210653313003223,123459916,332,Bills,3.99,20180110
90,4210653313003223,123459916,333,Healthcare,18.68,20180910
38,4210653313003223,123459916,334,Gas,19.07,20180310
58,4210653313003223,123459916,335,Education,94.89,20180717
93,4210653313003223,123459916,336,Gas,87.27,20180201
99,4210653313003223,123459916,337,Healthcare,1.95,20180907
18,4210653392204248,123459915,338,Bills,88.96,20181202
145,4210653392204248,123459915,339,Bills,3.37,20181020
95,4210653392204248,123459915,340,Bills,32.47,20180814
37,4210653392204248,123459915,341,Education,92.76,20180418
5,4210653392204248,123459915,342,Entertainment,96.47,20180516
79,4210653392204248,123459915,343,Gas,65.09,20180708
58,4210653392204248,123459915,344,Bills,36.8,20180421
178,4210653392204248,123459915,345,Entertainment,81.6,20180228
118,4210653392204248,123459915,346,Healthcare,28.96,20180314
40,4210653392204248,123459915,347,Bills,27.26,20181004
99,4210653392204248,123459915,348,Healthcare,54.85,20180524
144,4210653392204248,123459915,349,Gas,85.88,20180509
117,4210653392204248,123459915,350,Entertainment,45.23,20181111
123,4210653392204248,123459915,351,Gas,17.12,20180819
100,4210653392204248,123459915,352,Bills,9.81,20180717
67,4210653392204248,123459915,353,Gas,19.19,20180121
90,4210653392204248,123459915,354,Bills,72.25,20180308
121,4210653392204248,123459915,355,Test,74.71,20180522
115,4210653392204248,123459915,356,Education,11.98,20180901
59,4210653392204248,123459915,357,Entertainment,40.7,20180625
178,4210653392204248,123459915,358,Bills,43.11,20180902
24,4210653392204248,123459915,359,Test,48.36,20180807
164,4210653392204248,123459915,360,Healthcare,60.58,20180804
131,4210653392204248,123459915,361,Education,83.22,20180308
149,4210653392204248,123459915,362,Bills,98.61,20180128
109,4210653392204248,123459915,363,Healthcare,18.81,20180211
149,4210653392204248,123459915,364,Grocery,43,20181127
145,4210653392204248,123459915,365,Education,32.72,20180912
46,4210653392204248,123459915,366,Entertainment,97.18,20181023
66,4210653392204248,123459915,367,Education,48.04,20180215
99,4210653392204248,123459915,368,Test,31.34,20180418
67,4210653392204248,123459915,369,Test,27.88,20180518
81,4210653392204248,123459915,370,Bills,58.93,20180301
16,4210653392204248,123459915,371,Bills,27.73,20180119
81,4210653392204248,123459915,372,Gas,39.21,20180114
35,4210653392204248,123459915,373,Education,26.48,20180218
139,4210653392204248,123459915,374,Bills,19.88,20180310
47,4210653392204248,123459915,375,Bills,65.03,20181209
27,4210653392204248,123459915,376,Grocery,2.99,20180408
28,4210653392204248,123459915,377,Education,39.69,20180325
1,4210653392204248,123459915,378,Test,42.26,20180118
60,4210653392204248,123459915,379,Gas,86.83,20181209
144,4210653392204248,123459915,380,Bills,3.08,20180411
69,4210653392204248,123459915,381,Grocery,51.01,20180307
25,4210653392204248,123459915,382,Bills,86.34,20180620
145,4210653392204248,123459915,383,Grocery,10.43,20180216
12,4210653392204248,123459915,384,Entertainment,25.48,20180327
85,4210653392204248,123459915,385,Gas,94.33,20180128
57,4210653392204248,123459915,386,Bills,82.92,20180306
43,4210653392204248,123459915,387,Education,40.42,20180608
12,4210653392204248,123459915,388,Healthcare,71.24,20181201
75,4210653313825914,123459909,389,Healthcare,43.5,20180303
83,4210653313825914,123459909,390,Test,36.2,20180304
1,4210653313825914,123459909,391,Gas,6.65,20181005
180,4210653313825914,123459909,392,Gas,44.27,20181010
90,4210653313825914,123459909,393,Entertainment,14.34,20181119
19,4210653313825914,123459909,394,Bills,71.29,20180203
2,4210653313825914,123459909,395,Grocery,52.28,20180921
57,4210653313825914,123459909,396,Entertainment,78.44,20180614
60,4210653313825914,123459909,397,Bills,29.61,20180923
188,4210653313825914,123459909,398,Bills,51.6,20181204
17,4210653313825914,123459909,399,Bills,3.6,20180304
31,4210653313825914,123459909,400,Education,50.32,20180421
57,4210653313825914,123459909,401,Gas,79.4,20180407
17,4210653313825914,123459909,402,Entertainment,45.47,20180623
93,4210653313825914,123459909,403,Education,99.6,20180226
166,4210653313825914,123459909,404,Grocery,67.98,20181123
70,4210653313825914,123459909,405,Healthcare,38.13,20181213
23,4210653313825914,123459909,406,Test,96.88,20180505
175,4210653313825914,123459909,407,Healthcare,83.56,20180922
125,4210653313825914,123459909,408,Healthcare,70.63,20181212
4,4210653313825914,123459909,409,Bills,7.18,20180201
7,4210653313825914,123459909,410,Bills,74.71,20181107
80,4210653313825914,123459909,411,Grocery,87.59,20180220
126,4210653313825914,123459909,412,Education,21.04,20180223
44,4210653313825914,123459909,413,Entertainment,15.39,20180306
72,4210653313825914,123459909,414,Grocery,99.23,20180628
79,4210653313825914,123459909,415,Education,39.94,20180414
48,4210653313825914,123459909,416,Grocery,35.42,20180627
105,4210653313825914,123459909,417,Education,44.62,20180926
8,4210653313825914,123459909,418,Bills,71.9,20181021
32,4210653313825914,123459909,419,Entertainment,37.44,20181110
80,4210653313825914,123459909,420,Grocery,38.11,20180304
158,4210653313825914,123459909,421,Bills,96.09,20180719
73,4210653313825914,123459909,422,Gas,64.97,20181206
16,4210653313825914,123459909,423,Education,62.51,20181209
173,4210653313825914,123459909,424,Grocery,68.89,20180713
46,4210653313825914,123459909,425,Grocery,62.71,20180904
56,4210653313825914,123459909,426,Test,37.56,20180620
26,4210653313825914,123459909,427,Bills,74.76,20180327
76,4210653313825914,123459909,428,Gas,55.37,20180505
17,4210653313825914,123459909,429,Gas,1.95,20180309
85,4210653313825914,123459909,430,Grocery,7.2,20180727
124,4210653313825914,123459909,431,Entertainment,2.03,20180401
119,4210653313825914,123459909,432,Gas,31.66,20181009
149,4210653313825914,123459909,433,Bills,35.72,20180424
60,4210653313825914,123459909,434,Grocery,77.06,20181125
115,4210653313825914,123459909,435,Gas,4.27,20180528
18,4210653313825914,123459909,436,Entertainment,19.42,20181124
80,4210653313825914,123459909,437,Bills,88.87,20181118
57,4210653313825914,123459909,438,Entertainment,86.04,20180608
36,4210653313825914,123459909,439,Bills,96.74,20181127
100,4210653313825914,123459909,440,Grocery,38.16,20180321
81,4210653313825914,123459909,441,Bills,68.79,20180111
24,4210653313825914,123459909,442,Test,71.45,20180921
50,4210653313825914,123459909,443,Grocery,49,20181001
131,4210653313825914,123459909,444,Education,68.65,20181108
73,4210653313825914,123459909,445,Bills,54.61,20181228
126,4210653313825914,123459909,446,Healthcare,57.75,20180910
16,4210653313825914,123459909,447,Bills,92.66,20180516
19,4210653313825914,123459909,448,Education,59.65,20180624
175,4210653313825914,123459909,449,Gas,74.02,20180808
7,4210653313825914,123459909,450,Entertainment,49.05,20181119
131,4210653313825914,123459909,451,Grocery,55.51,20181009
67,4210653313825914,123459909,452,Test,30.89,20180310
43,4210653313825914,123459909,453,Bills,59.99,20181211
90,4210653313825914,123459909,454,Test,12.94,20180222
74,4210653313825914,123459909,455,Grocery,52.58,20180608
24,4210653313825914,123459909,456,Entertainment,62.28,20180711
117,4210653313825914,123459909,457,Bills,64.53,20180227
168,4210653313825914,123459909,458,Entertainment,59.64,20180702
117,4210653313825914,123459909,459,Grocery,58,20180308
73,4210653313825914,123459909,460,Entertainment,84.38,20180912
49,4210653373379288,123459900,461,Gas,44.12,20180618
67,4210653373379288,123459900,462,Education,18.57,20180405
7,4210653373379288,123459900,463,Entertainment,33.91,20181121
51,4210653373379288,123459900,464,Grocery,11.91,20181124
95,4210653373379288,123459900,465,Grocery,35.39,20180115
10,4210653373379288,123459900,466,Grocery,16.65,20180908
15,4210653350230468,123459894,467,Test,28.15,20180424
5,4210653350230468,123459894,468,Bills,57.99,20180725
70,4210653350230468,123459894,469,Grocery,27.73,20181010
22,4210653350230468,123459894,470,Gas,3.94,20180719
164,4210653350230468,123459894,471,Grocery,54.96,20181020
32,4210653350230468,123459894,472,Education,59.31,20181128
170,4210653350230468,123459894,473,Healthcare,6.1,20180409
59,4210653350230468,123459894,474,Test,78.32,20180603
75,4210653350230468,123459894,475,Healthcare,51.81,20180103
135,4210653350230468,123459894,476,Bills,98.79,20181011
100,4210653350230468,123459894,477,Entertainment,7.39,20180219
46,4210653350230468,123459894,478,Grocery,18.26,20181111
123,4210653350230468,123459894,479,Education,61.52,20180923
164,4210653350230468,123459894,480,Test,16.99,20181014
89,4210653350230468,123459894,481,Test,42.64,20180513
131,4210653350230468,123459894,482,Bills,61.07,20180609
131,4210653350230468,123459894,483,Gas,86.24,20181021
79,4210653350230468,123459894,484,Grocery,97.86,20180618
170,4210653350230468,123459894,485,Education,4.18,20180126
30,4210653350230468,123459894,486,Gas,4.4,20181218
22,4210653350230468,123459894,487,Grocery,37.78,20180517
166,4210653350230468,123459894,488,Entertainment,82.13,20181213
46,4210653350230468,123459894,489,Education,78.71,20180320
67,4210653350230468,123459894,490,Test,35.02,20180416
114,4210653350230468,123459894,491,Test,37.08,20180903
58,4210653350230468,123459894,492,Test,74.52,20180301
99,4210653317141342,123459879,493,Gas,88.47,20180914
126,4210653317141342,123459879,494,Grocery,3.3,20181225
15,4210653317141342,123459879,495,Education,30.11,20180312
57,4210653317141342,123459879,496,Gas,70.52,20180512
85,4210653317141342,123459879,497,Healthcare,20.63,20180608
15,4210653317141342,123459879,498,Bills,78.68,20180204
89,4210653317141342,123459879,499,Test,62.99,20180119
145,4210653317141342,123459879,500,Bills,64.41,20181220
75,4210653317141342,123459879,501,Gas,12.33,20181005
4,4210653317141342,123459879,502,Entertainment,48.95,20180114
121,4210653317141342,123459879,503,Gas,99.05,20180819
63,4210653317141342,123459879,504,Gas,39.99,20181108
158,4210653317141342,123459879,505,Healthcare,27.45,20180102
111,4210653317141342,123459879,506,Education,96.8,20180310
118,4210653317141342,123459879,507,Grocery,44.84,20180514
91,4210653317141342,123459879,508,Gas,91.19,20181115
2,4210653317141342,123459879,509,Test,91.22,20181120
75,4210653317141342,123459879,510,Bills,50.57,20180406
26,4210653317141342,123459879,511,Grocery,84.12,20180123
29,4210653317141342,123459879,512,Test,44.05,20180213
123,4210653317141342,123459879,513,Healthcare,67.82,20181002
9,4210653317141342,123459879,514,Gas,7.39,20181226
37,4210653317141342,123459879,515,Grocery,46.23,20181214
53,4210653317141342,123459879,516,Grocery,48.77,20180127
93,4210653317141342,123459879,517,Entertainment,19.44,20180610
149,4210653317141342,123459879,518,Test,75.34,20180121
105,4210653317141342,123459879,519,Bills,84.69,20180515
3,4210653317141342,123459879,520,Healthcare,29.26,20180716
100,4210653317141342,123459879,521,Education,51.01,20180604
121,4210653317141342,123459879,522,Bills,69.91,20181124
89,4210653317141342,123459879,523,Bills,16.02,20180201
11,4210653317141342,123459879,524,Gas,66.2,20181110
44,4210653317141342,123459879,525,Healthcare,86.53,20180622
100,4210653317141342,123459879,526,Test,82.46,20180720
81,4210653317141342,123459879,527,Healthcare,27.91,20181123
19,4210653317141342,123459879,528,Education,63.04,20180501
83,4210653317141342,123459879,529,Healthcare,75.2,20180626
8,4210653317141342,123459879,530,Bills,15.29,20180317
22,4210653317141342,123459879,531,Entertainment,72.29,20180512
8,4210653317141342,123459879,532,Entertainment,23.73,20180417
114,4210653317141342,123459879,533,Healthcare,96.96,20180901
144,4210653317141342,123459879,534,Education,86.38,20180319
144,4210653317141342,123459879,535,Test,35.26,20180305
107,4210653317141342,123459879,536,Entertainment,83.98,20181105
8,4210653317141342,123459879,537,Grocery,70.74,20180428
51,4210653317141342,123459879,538,Entertainment,43.1,20181117
79,4210653317141342,123459879,539,Test,73.24,20180617
89,4210653317141342,123459879,540,Grocery,4.2,20180705
121,4210653317141342,123459879,541,Education,70.38,20180515
16,4210653317141342,123459879,542,Test,39.72,20181119
91,4210653317141342,123459879,543,Healthcare,91.18,20180804
121,4210653317141342,123459879,544,Education,73.58,20180425
83,4210653389999800,123459877,545,Healthcare,13.73,20180404
46,4210653389999800,123459877,546,Bills,40.24,20181011
156,4210653389999800,123459877,547,Test,92.21,20180108
59,4210653389999800,123459877,548,Bills,34.28,20180622
39,4210653389999800,123459877,549,Grocery,11.63,20180823
50,4210653389999800,123459877,550,Healthcare,91.33,20181004
139,4210653389999800,123459877,551,Gas,1.42,20180818
119,4210653389999800,123459877,552,Healthcare,34.64,20180407
74,4210653389999800,123459877,553,Gas,82.39,20180510
46,4210653389999800,123459877,554,Test,6.15,20180802
79,4210653381009367,123459861,555,Test,45.92,20180521
35,4210653381009367,123459861,556,Bills,20.83,20181125
135,4210653381009367,123459861,557,Entertainment,56.79,20180425
170,4210653381009367,123459861,558,Grocery,88.81,20180911
79,4210653381009367,123459861,559,Test,61.69,20180809
123,4210653381009367,123459861,560,Education,31.33,20180526
17,4210653381009367,123459861,561,Entertainment,46.53,20180828
168,4210653381009367,123459861,562,Gas,91.58,20180121
109,4210653381009367,123459861,563,Education,19.22,20180428
3,4210653381009367,123459861,564,Healthcare,98.76,20181115
47,4210653381009367,123459861,565,Healthcare,25.89,20180124
95,4210653381009367,123459861,566,Education,27.59,20180310
63,4210653381009367,123459861,567,Entertainment,47.59,20180523
126,4210653381009367,123459861,568,Education,35.1,20180514
69,4210653381009367,123459861,569,Bills,67.76,20180716
24,4210653381009367,123459861,570,Healthcare,29.2,20180111
168,4210653381009367,123459861,571,Bills,67.92,20181126
77,4210653381009367,123459861,572,Healthcare,63.1,20180420
125,4210653381009367,123459861,573,Healthcare,24.28,20180826
3,4210653381009367,123459861,574,Test,37.41,20180221
42,4210653381009367,123459861,575,Bills,82.52,20181228
48,4210653381009367,123459861,576,Education,77.23,20180425
29,4210653381009367,123459861,577,Grocery,68.68,20180116
29,4210653381009367,123459861,578,Gas,71.06,20180216
38,4210653381009367,123459861,579,Education,10.84,20180813
14,4210653381009367,123459861,580,Healthcare,24.46,20180214
67,4210653381009367,123459861,581,Education,18.63,20180328
15,4210653381009367,123459861,582,Bills,44.2,20181102
36,4210653381009367,123459861,583,Education,41.01,20180518
8,4210653381009367,123459861,584,Bills,58.8,20180621
67,4210653381009367,123459861,585,Gas,100.62,20180605
124,4210653381009367,123459861,586,Entertainment,34.88,20180718
19,4210653351613328,123459852,587,Grocery,96.54,20180901
170,4210653351613328,123459852,588,Healthcare,33.1,20180302
22,4210653351613328,123459852,589,Grocery,18.29,20181220
37,4210653351613328,123459852,590,Education,28.08,20180715
118,4210653351613328,123459852,591,Entertainment,42.72,20180715
83,4210653351613328,123459852,592,Bills,84.57,20181227
37,4210653351613328,123459852,593,Bills,76.3,20180402
192,4210653351613328,123459852,594,Gas,18.94,20181118
136,4210653351613328,123459852,595,Test,19.63,20180127
69,4210653351613328,123459852,596,Gas,73.69,20180919
14,4210653351613328,123459852,597,Test,28.01,20180121
31,4210653351613328,123459852,598,Test,72.41,20180405
16,4210653351613328,123459852,599,Bills,94.23,20180625
63,4210653351613328,123459852,600,Entertainment,40.81,20180606
63,4210653351613328,123459852,601,Healthcare,87.42,20181202
11,4210653351613328,123459852,602,Bills,14.29,20180801
126,4210653351613328,123459852,603,Education,65.06,20180721
9,4210653351613328,123459852,604,Grocery,33.17,20180106
104,4210653351613328,123459852,605,Education,47.93,20181014
77,4210653351613328,123459852,606,Entertainment,85.37,20180816
121,4210653351613328,123459852,607,Entertainment,44.87,20181203
115,4210653351613328,123459852,608,Bills,56.32,20180401
66,4210653351613328,123459852,609,Gas,61.22,20180218
74,4210653351613328,123459852,610,Entertainment,47.11,20181202
93,4210653351613328,123459852,611,Education,46.17,20180924
28,4210653351613328,123459852,612,Test,34.85,20180308
118,4210653351613328,123459852,613,Healthcare,3.3,20180222
43,4210653351613328,123459852,614,Healthcare,16.9,20180222
9,4210653351613328,123459852,615,Test,1.62,20180607
36,4210653351613328,123459852,616,Grocery,46.44,20180906
79,4210653351613328,123459852,617,Healthcare,81.07,20180122
9,4210653351613328,123459852,618,Healthcare,69.75,20180510
58,4210653351613328,123459852,619,Grocery,13.04,20181222
44,4210653351613328,123459852,620,Grocery,24.13,20180501
107,4210653351613328,123459852,621,Test,24.66,20180909
78,4210653351613328,123459852,622,Test,78.71,20180121
58,4210653351613328,123459852,623,Bills,11.23,20180209
73,4210653351613328,123459852,624,Bills,3.08,20181220
93,4210653351613328,123459852,625,Healthcare,74.69,20180915
18,4210653351613328,123459852,626,Education,54.44,20181123
28,4210653351613328,123459852,627,Entertainment,24.23,20180402
26,4210653351613328,123459852,628,Education,14.1,20180727
109,4210653351613328,123459852,629,Healthcare,10.44,20180905
43,4210653351613328,123459852,630,Entertainment,4.54,20180703
78,4210653351613328,123459852,631,Grocery,36.5,20180601
107,4210653351613328,123459852,632,Bills,57.82,20181118
111,4210653334160207,123459843,633,Education,51.91,20180922
42,4210653334160207,123459843,634,Healthcare,34.31,20180407
188,4210653334160207,123459843,635,Education,26.7,20181215
39,4210653334160207,123459843,636,Entertainment,71.93,20180304
19,4210653334160207,123459843,637,Test,71.3,20180220
36,4210653334160207,123459843,638,Bills,27.76,20180316
54,4210653334160207,123459843,639,Healthcare,77.68,20180624
36,4210653334160207,123459843,640,Education,35.05,20180503
89,4210653334160207,123459843,641,Healthcare,76.94,20180328
60,4210653334160207,123459843,642,Bills,3.15,20180421
3,4210653334160207,123459843,643,Healthcare,18.63,20180404
117,4210653334160207,123459843,644,Gas,41.16,20180222
9,4210653334160207,123459843,645,Bills,96.52,20180516
43,4210653334160207,123459843,646,Bills,40.36,20180227
24,4210653334160207,123459843,647,Bills,33.59,20181007
26,4210653334160207,123459843,648,Gas,82.99,20180624
26,4210653334160207,123459843,649,Gas,85.14,20180706
125,4210653334160207,123459843,650,Grocery,26.45,20180917
42,4210653334160207,123459843,651,Education,48.49,20181021
57,4210653334160207,123459843,652,Education,98.5,20181215
29,4210653334160207,123459843,653,Gas,37.32,20180228
1,4210653334160207,123459843,654,Entertainment,41.87,20180917
89,4210653334160207,123459843,655,Healthcare,6.18,20180812
27,4210653334160207,123459843,656,Education,68.34,20180306
126,4210653334160207,123459843,657,Test,47.69,20180915
12,4210653334160207,123459843,658,Grocery,43.55,20180219
49,4210653348535033,123459839,659,Healthcare,96.01,20180712
29,4210653348535033,123459839,660,Grocery,8.98,20181128
39,4210653348535033,123459839,661,Grocery,98.41,20181023
93,4210653348535033,123459839,662,Healthcare,85.99,20180902
15,4210653348535033,123459839,663,Education,28.3,20181017
192,4210653348535033,123459839,664,Bills,43.9,20180803
4,4210653348535033,123459839,665,Entertainment,89.33,20180105
15,4210653348535033,123459839,666,Education,50.12,20180211
1,4210653348535033,123459839,667,Grocery,76.72,20180904
3,4210653348535033,123459839,668,Grocery,95.83,20180501
58,4210653348535033,123459839,669,Healthcare,8.75,20181202
16,4210653348535033,123459839,670,Entertainment,29.8,20180923
173,4210653348535033,123459839,671,Entertainment,27.11,20181112
90,4210653348535033,123459839,672,Healthcare,81,20180807
32,4210653348535033,123459839,673,Entertainment,61.85,20180119
24,4210653348535033,123459839,674,Grocery,28.59,20181205
31,4210653348535033,123459839,675,Bills,95.06,20180114
12,4210653348535033,123459839,676,Bills,19.07,20180118
164,4210653348535033,123459839,677,Test,74.42,20180705
91,4210653348535033,123459839,678,Education,10.34,20180825
40,4210653348535033,123459839,679,Grocery,93.77,20180614
114,4210653348535033,123459839,680,Healthcare,62.79,20180517
14,4210653348535033,123459839,681,Gas,15.21,20180701
111,4210653348535033,123459839,682,Education,10.59,20180222
78,4210653348535033,123459839,683,Test,31.78,20180910
103,4210653348535033,123459839,684,Healthcare,66.16,20180714
38,4210653348535033,123459839,685,Healthcare,52.99,20180207
7,4210653348535033,123459839,686,Healthcare,66.01,20180904
22,4210653348535033,123459839,687,Gas,41.01,20180808
114,4210653348535033,123459839,688,Bills,52.2,20180703
20,4210653348535033,123459839,689,Bills,92.49,20181008
144,4210653348535033,123459839,690,Education,73.65,20180423
81,4210653348535033,123459839,691,Bills,49.78,20180223
23,4210653348535033,123459839,692,Healthcare,19.16,20180805
72,4210653348535033,123459839,693,Healthcare,14.15,20181013
149,4210653348535033,123459839,694,Gas,3.27,20180624
10,4210653348535033,123459839,695,Grocery,49.73,20180214
123,4210653348535033,123459839,696,Grocery,59.42,20180408
27,4210653348535033,123459839,697,Bills,69.52,20180402
1,4210653348535033,123459839,698,Entertainment,24.03,20180626
85,4210653348535033,123459839,699,Gas,44.07,20180722
48,4210653348535033,123459839,700,Bills,25.57,20181222
39,4210653348535033,123459839,701,Bills,25.65,20180713
139,4210653348535033,123459839,702,Test,40.39,20180224
72,4210653348535033,123459839,703,Healthcare,10.69,20180205
91,4210653348535033,123459839,704,Healthcare,40.19,20180724
43,4210653348535033,123459839,705,Entertainment,18.1,20180718
79,4210653348535033,123459839,706,Bills,81.03,20181225
5,4210653348535033,123459839,707,Entertainment,17.08,20181123
7,4210653348535033,123459839,708,Bills,53.93,20180123
73,4210653348535033,123459839,709,Bills,43.78,20180615
99,4210653348535033,123459839,710,Bills,20.86,20180810
139,4210653348535033,123459839,711,Entertainment,26.83,20181220
93,4210653348535033,123459839,712,Grocery,91.61,20180608
85,4210653354321803,123459833,713,Healthcare,30.14,20180413
114,4210653354321803,123459833,714,Bills,8.76,20180403
39,4210653354321803,123459833,715,Grocery,12.72,20180202
7,4210653354321803,123459833,716,Education,88.57,20180216
72,4210653354321803,123459833,717,Gas,27.82,20181001
23,4210653354321803,123459833,718,Education,70.84,20180818
60,4210653354321803,123459833,719,Healthcare,47.85,20180922
11,4210653354321803,123459833,720,Healthcare,6.91,20180612
29,4210653354321803,123459833,721,Healthcare,9.72,20180708
57,4210653354321803,123459833,722,Bills,75.38,20180914
11,4210653354321803,123459833,723,Test,21.05,20180811
103,4210653354321803,123459833,724,Education,62.41,20181209
59,4210653354321803,123459833,725,Entertainment,91.19,20180811
11,4210653354321803,123459833,726,Education,76.8,20180913
175,4210653354321803,123459833,727,Test,81.42,20180320
1,4210653354321803,123459833,728,Education,67.55,20180701
9,4210653354321803,123459833,729,Bills,41.08,20181201
45,4210653354321803,123459833,730,Grocery,86.29,20180305
85,4210653354321803,123459833,731,Grocery,57.7,20180412
29,4210653354321803,123459833,732,Grocery,7.4,20180727
166,4210653354321803,123459833,733,Gas,81.16,20180609
37,4210653354321803,123459833,734,Healthcare,93.2,20181113
39,4210653354321803,123459833,735,Education,52.37,20180425
48,4210653354321803,123459833,736,Gas,42.87,20180919
135,4210653354321803,123459833,737,Education,16.29,20180623
136,4210653354321803,123459833,738,Entertainment,94.45,20180419
63,4210653354321803,123459833,739,Grocery,80.27,20180222
20,4210653354321803,123459833,740,Healthcare,46.03,20180503
37,4210653354321803,123459833,741,Grocery,1.09,20180804
166,4210653354321803,123459833,742,Education,2.55,20180709
9,4210653354321803,123459833,743,Gas,87.3,20181115
123,4210653354321803,123459833,744,Bills,38,20181220
66,4210653354321803,123459833,745,Grocery,99.31,20180501
111,4210653354321803,123459833,746,Gas,99.25,20181011
170,4210653354321803,123459833,747,Gas,100.58,20181211
60,4210653354321803,123459833,748,Test,58.04,20180708
9,4210653354321803,123459833,749,Test,74.54,20181218
104,4210653354321803,123459833,750,Grocery,36.04,20181208
56,4210653354321803,123459833,751,Gas,32.26,20180805
77,4210653354321803,123459833,752,Grocery,51.46,20180401
136,4210653354321803,123459833,753,Education,82.2,20181204
73,4210653354321803,123459833,754,Grocery,18.21,20181206
136,4210653354321803,123459833,755,Gas,44.06,20181223
59,4210653354321803,123459833,756,Entertainment,82.81,20180328
15,4210653354321803,123459833,757,Entertainment,7.37,20180316
18,4210653354321803,123459833,758,Bills,84.97,20180922
126,4210653354321803,123459833,759,Gas,74.36,20180116
44,4210653354321803,123459833,760,Healthcare,10.34,20180911
89,4210653354321803,123459833,761,Bills,87.52,20180412
3,4210653354321803,123459833,762,Test,56.66,20180915
38,4210653354321803,123459833,763,Test,58.17,20180416
188,4210653354321803,123459833,764,Education,29.64,20180621
45,4210653354321803,123459833,765,Education,82.11,20180427
114,4210653354321803,123459833,766,Gas,86.14,20180615
126,4210653354321803,123459833,767,Education,93.42,20181110
118,4210653354321803,123459833,768,Bills,75.68,20180927
111,4210653354321803,123459833,769,Healthcare,72.98,20180326
36,4210653354321803,123459833,770,Grocery,5.55,20180206
123,4210653354321803,123459833,771,Bills,64.25,20181226
50,4210653354321803,123459833,772,Gas,36.98,20180815
9,4210653354321803,123459833,773,Healthcare,70.36,20180423
158,4210653354321803,123459833,774,Test,32.9,20180612
39,4210653354321803,123459833,775,Bills,100.7,20180707
123,4210653354321803,123459833,776,Education,11.41,20180920
121,4210653354321803,123459833,777,Bills,45.45,20180206
32,4210653354321803,123459833,778,Healthcare,40.15,20180202
56,4210653354321803,123459833,779,Entertainment,57.38,20180917
111,4210653354321803,123459833,780,Grocery,47.34,20180521
10,4210653354321803,123459833,781,Education,57.96,20181206
30,4210653354321803,123459833,782,Healthcare,81.29,20181018
26,4210653354321803,123459833,783,Entertainment,99.76,20180508
18,4210653354321803,123459833,784,Entertainment,32.99,20180703
75,4210653354321803,123459833,785,Entertainment,8.75,20181021
131,4210653354321803,123459833,786,Education,87.08,20180502
168,4210653326588404,123459831,787,Entertainment,69.98,20181118
58,4210653326588404,123459831,788,Gas,43.25,20180209
35,4210653326588404,123459831,789,Gas,5.34,20180422
15,4210653326588404,123459831,790,Test,24.84,20181117
19,4210653326588404,123459831,791,Healthcare,25.41,20180221
43,4210653326588404,123459831,792,Gas,12.55,20180509
139,4210653326588404,123459831,793,Healthcare,58.2,20180220
21,4210653326588404,123459831,794,Entertainment,72.74,20181211
144,4210653326588404,123459831,795,Education,71.16,20180923
52,4210653326588404,123459831,796,Bills,55.52,20181007
58,4210653326588404,123459831,797,Healthcare,67.57,20180508
32,4210653326588404,123459831,798,Education,55.35,20181005
115,4210653326588404,123459831,799,Healthcare,87.32,20180722
89,4210653326588404,123459831,800,Entertainment,79.24,20180316
105,4210653326588404,123459831,801,Gas,58.01,20180506
188,4210653326588404,123459831,802,Bills,66.77,20180711
29,4210653326588404,123459831,803,Grocery,26.65,20180404
188,4210653326588404,123459831,804,Education,69.51,20180405
20,4210653326588404,123459831,805,Healthcare,82.62,20180618
17,4210653326588404,123459831,806,Education,99.03,20180217
19,4210653326588404,123459831,807,Entertainment,12.21,20180325
63,4210653326588404,123459831,808,Bills,75.99,20181020
93,4210653326588404,123459831,809,Healthcare,88.53,20180105
115,4210653326588404,123459831,810,Education,1.66,20180222
131,4210653326588404,123459831,811,Grocery,63.92,20180802
37,4210653326588404,123459831,812,Entertainment,64.82,20180520
52,4210653326588404,123459831,813,Grocery,36.17,20180911
79,4210653326588404,123459831,814,Entertainment,82.16,20180109
43,4210653326588404,123459831,815,Bills,8.34,20180302
39,4210653326588404,123459831,816,Healthcare,52.32,20180202
104,4210653326588404,123459831,817,Bills,99.83,20180920
23,4210653326588404,123459831,818,Test,56.09,20180107
20,4210653326588404,123459831,819,Gas,30.86,20180726
28,4210653326588404,123459831,820,Entertainment,100.13,20180427
51,4210653326588404,123459831,821,Test,14.52,20180108
173,4210653326588404,123459831,822,Entertainment,29.63,20180514
118,4210653326588404,123459831,823,Gas,18.75,20180104
114,4210653326588404,123459831,824,Grocery,55.19,20180119
114,4210653326588404,123459831,825,Gas,5.06,20180926
23,4210653326588404,123459831,826,Bills,27.79,20181003
19,4210653326588404,123459831,827,Education,12.98,20180127
99,4210653326588404,123459831,828,Gas,7.7,20180509
5,4210653326588404,123459831,829,Education,37.12,20180413
27,4210653326588404,123459831,830,Healthcare,72.1,20180717
50,4210653326588404,123459831,831,Test,64.61,20180127
11,4210653326588404,123459831,832,Education,33.82,20181122
23,4210653326588404,123459831,833,Bills,95.34,20180914
21,4210653326588404,123459831,834,Gas,42.24,20180809
59,4210653326588404,123459831,835,Education,53.78,20180106
126,4210653326588404,123459831,836,Education,15.73,20181003
79,4210653326588404,123459831,837,Grocery,2.15,20180917
42,4210653326588404,123459831,838,Test,3.86,20180624
72,4210653326588404,123459831,839,Entertainment,1.66,20180711
158,4210653326588404,123459831,840,Entertainment,67.24,20180716
90,4210653326588404,123459831,841,Test,40.23,20181218
46,4210653326588404,123459831,842,Healthcare,70.85,20181128
20,4210653326588404,123459831,843,Healthcare,94.57,20180414
54,4210653326588404,123459831,844,Gas,48.18,20180223
166,4210653326588404,123459831,845,Gas,14.43,20180106
111,4210653326588404,123459831,846,Education,72.98,20180628
25,4210653326588404,123459831,847,Grocery,4.23,20180507
77,4210653326588404,123459831,848,Education,35.58,20180907
136,4210653326588404,123459831,849,Gas,64.55,20180114
93,4210653326588404,123459831,850,Entertainment,15.96,20180404
14,4210653326588404,123459831,851,Grocery,45.7,20180626
145,4210653326588404,123459831,852,Healthcare,91.81,20180503
95,4210653326588404,123459831,853,Entertainment,29.93,20181103
180,4210653326588404,123459831,854,Test,43.8,20180414
77,4210653326588404,123459831,855,Test,44.12,20180424
67,4210653326588404,123459831,856,Gas,64.56,20180125
45,4210653326588404,123459831,857,Gas,84.32,20180606
44,4210653326588404,123459831,858,Healthcare,48.67,20181223
63,4210653326588404,123459831,859,Education,5.22,20180527
90,4210653322829279,123459829,860,Education,73.65,20180903
2,4210653322829279,123459829,861,Gas,63.59,20180218
3,4210653322829279,123459829,862,Healthcare,49.23,20180213
70,4210653322829279,123459829,863,Entertainment,47.68,20180408
114,4210653322829279,123459829,864,Education,34.83,20180427
54,4210653322829279,123459829,865,Education,27.69,20181116
180,4210653322829279,123459829,866,Test,70.41,20180220
124,4210653322829279,123459829,867,Gas,60.66,20180228
1,4210653322829279,123459829,868,Healthcare,72.57,20180409
93,4210653322829279,123459829,869,Entertainment,6.73,20180504
9,4210653322829279,123459829,870,Grocery,15.87,20180413
45,4210653322829279,123459829,871,Grocery,35.28,20181017
40,4210653322829279,123459829,872,Entertainment,83.75,20180824
70,4210653336223163,123459815,873,Entertainment,76.75,20180101
63,4210653336223163,123459815,874,Bills,14.48,20180411
60,4210653336223163,123459815,875,Grocery,5,20181210
37,4210653336223163,123459815,876,Gas,34.48,20180320
104,4210653336223163,123459815,877,Bills,72.61,20181221
23,4210653336223163,123459815,878,Grocery,9.01,20180202
115,4210653336223163,123459815,879,Healthcare,28.81,20180523
158,4210653336223163,123459815,880,Education,15.31,20180827
95,4210653336223163,123459815,881,Test,33.3,20180516
46,4210653336223163,123459815,882,Entertainment,98.52,20180824
12,4210653336223163,123459815,883,Test,57.48,20181128
11,4210653336223163,123459815,884,Education,27.34,20180915
56,4210653336223163,123459815,885,Entertainment,83.61,20180823
57,4210653336223163,123459815,886,Bills,24.32,20180222
25,4210653336223163,123459815,887,Healthcare,100.27,20180513
83,4210653336223163,123459815,888,Entertainment,74.09,20180704
121,4210653336223163,123459815,889,Test,74.26,20180618
22,4210653336223163,123459815,890,Grocery,62.39,20180922
139,4210653336223163,123459815,891,Healthcare,97.59,20181114
14,4210653336223163,123459815,892,Gas,58.87,20181104
149,4210653336223163,123459815,893,Gas,17.02,20180312
7,4210653336223163,123459815,894,Entertainment,9.48,20180424
14,4210653336223163,123459815,895,Entertainment,21.61,20180613
103,4210653336223163,123459815,896,Bills,95.37,20181118
158,4210653336223163,123459815,897,Entertainment,26.73,20180927
63,4210653336223163,123459815,898,Entertainment,84.2,20181106
37,4210653324163424,123459812,899,Grocery,83.17,20180504
47,4210653324163424,123459812,900,Education,82.08,20180210
81,4210653324163424,123459812,901,Education,50.8,20180612
69,4210653324163424,123459812,902,Test,38.11,20180917
66,4210653324163424,123459812,903,Education,11.6,20180309
75,4210653324163424,123459812,904,Grocery,37.27,20180709
73,4210653324163424,123459812,905,Test,53.09,20180113
56,4210653324163424,123459812,906,Gas,66.26,20180411
111,4210653324163424,123459812,907,Entertainment,49.31,20180108
36,4210653324163424,123459812,908,Entertainment,78.05,20180319
14,4210653324163424,123459812,909,Healthcare,78.11,20180618
85,4210653324163424,123459812,910,Healthcare,6.54,20180313
48,4210653324163424,123459812,911,Bills,73.36,20180806
81,4210653324163424,123459812,912,Gas,1.49,20180922
25,4210653324163424,123459812,913,Gas,70.18,20181009
39,4210653324163424,123459812,914,Gas,73.22,20181110
164,4210653324163424,123459812,915,Bills,13.19,20181214
3,4210653324163424,123459812,916,Gas,78.5,20180210
118,4210653324163424,123459812,917,Bills,25.71,20180910
107,4210653324163424,123459812,918,Test,87.87,20180410
9,4210653324163424,123459812,919,Entertainment,28.88,20181220
136,4210653324163424,123459812,920,Bills,32.34,20180606
70,4210653324163424,123459812,921,Grocery,80.93,20180322
70,4210653324163424,123459812,922,Bills,69.69,20181025
118,4210653324163424,123459812,923,Education,52.85,20181226
3,4210653324163424,123459812,924,Entertainment,29.53,20180325
56,4210653324163424,123459812,925,Grocery,38.95,20180801
91,4210653324163424,123459812,926,Grocery,65.17,20180710
109,4210653324163424,123459812,927,Gas,39.03,20180122
18,4210653324163424,123459812,928,Healthcare,3.8,20180321
29,4210653324163424,123459812,929,Bills,15.24,20180923
43,4210653324163424,123459812,930,Entertainment,40.72,20180706
8,4210653324163424,123459812,931,Test,56.73,20180402
45,4210653324163424,123459812,932,Bills,56.16,20180905
35,4210653324163424,123459812,933,Gas,94.97,20180503
22,4210653324163424,123459812,934,Gas,2.28,20180920
66,4210653324163424,123459812,935,Education,65.77,20180423
111,4210653324163424,123459812,936,Test,67.08,20180817
12,4210653324163424,123459812,937,Grocery,21.29,20180416
158,4210653324163424,123459812,938,Education,46.14,20180526
28,4210653324163424,123459812,939,Entertainment,19.61,20180912
145,4210653324163424,123459812,940,Education,98.13,20180912
17,4210653324163424,123459812,941,Entertainment,70.11,20180209
5,4210653324163424,123459812,942,Grocery,83.28,20181113
156,4210653324163424,123459812,943,Entertainment,67.63,20180901
100,4210653324163424,123459812,944,Entertainment,5.42,20181115
109,4210653324163424,123459812,945,Test,95.01,20180415
109,4210653324163424,123459812,946,Test,1.2,20181111
107,4210653324163424,123459812,947,Grocery,86.74,20180902
43,4210653324163424,123459812,948,Test,1.32,20181124
38,4210653324163424,123459812,949,Grocery,72.53,20181220
28,4210653324163424,123459812,950,Healthcare,31.44,20180617
40,4210653324163424,123459812,951,Gas,36.57,20180927
26,4210653324163424,123459812,952,Education,80.97,20180826
63,4210653324163424,123459812,953,Education,5.01,20180905
60,4210653324163424,123459812,954,Bills,34.49,20180324
27,4210653324163424,123459812,955,Education,49.11,20180804
170,4210653324163424,123459812,956,Entertainment,52.49,20181113
180,4210653324163424,123459812,957,Gas,71.85,20180825
52,4210653324163424,123459812,958,Healthcare,45.77,20180305
156,4210653324163424,123459812,959,Entertainment,40.53,20181101
46,4210653324163424,123459812,960,Gas,64.65,20180311
24,4210653324163424,123459812,961,Grocery,52.59,20181022
136,4210653324163424,123459812,962,Test,41.82,20180310
9,4210653324163424,123459812,963,Entertainment,49.38,20181228
40,4210653339714399,123459810,964,Gas,52.49,20180325
52,4210653339714399,123459810,965,Healthcare,93.93,20180716
158,4210653339714399,123459810,966,Entertainment,86.71,20180914
46,4210653339714399,123459810,967,Bills,71.31,20180111
35,4210653339714399,123459810,968,Education,100.63,20180911
149,4210653339714399,123459810,969,Healthcare,15.07,20180825
25,4210653339714399,123459810,970,Education,55.02,20180913
18,4210653339714399,123459810,971,Healthcare,49.95,20181110
78,4210653339714399,123459810,972,Entertainment,79.85,20180503
67,4210653339714399,123459810,973,Education,40.44,20180501
117,4210653339714399,123459810,974,Grocery,25.38,20180503
53,4210653339714399,123459810,975,Bills,97.34,20181103
168,4210653339714399,123459810,976,Entertainment,94.16,20180311
83,4210653339714399,123459810,977,Grocery,13.76,20180909
178,4210653339714399,123459810,978,Education,40.3,20180213
85,4210653339714399,123459810,979,Bills,95.47,20180914
37,4210653339714399,123459810,980,Healthcare,17.42,20180608
117,4210653339714399,123459810,981,Bills,92.71,20180702
37,4210653339714399,123459810,982,Entertainment,70.72,20180305
38,4210653339714399,123459810,983,Grocery,42.71,20181026
93,4210653339714399,123459810,984,Education,48.45,20180628
48,4210653339714399,123459810,985,Test,73.85,20180310
37,4210653339714399,123459810,986,Entertainment,80.69,20180211
2,4210653339714399,123459810,987,Education,3.73,20180223
119,4210653339714399,123459810,988,Bills,69.97,20180616
123,4210653339714399,123459810,989,Test,72.89,20180205
74,4210653339714399,123459810,990,Healthcare,18.69,20180824
118,4210653339714399,123459810,991,Gas,58.3,20181014
54,4210653339714399,123459810,992,Education,100.39,20180610
89,4210653339714399,123459810,993,Entertainment,81.54,20180424
170,4210653339714399,123459810,994,Grocery,70.4,20181108
93,4210653339714399,123459810,995,Entertainment,4.26,20180112
40,4210653339714399,123459810,996,Gas,14.38,20180327
23,4210653339714399,123459810,997,Entertainment,32.62,20181020
95,4210653339714399,123459810,998,Education,20.95,20180704
2,4210653339714399,123459810,999,Test,70.18,20180410
52,4210653339714399,123459810,1000,Gas,30.5,20180825
